source_file,source_sheet,source_range,source_cell,metric_row,metric_label_source_row,period_header_source_sheet,period_header_source_row,section_name,supplier,metric_name,metric_detail,price_period,time_period,time_period_year,time_period_month,value,formula
C:\Users\40100123\OneDrive - Anheuser-Busch InBev\GAC\PET\Data Model\PET_Data_Model\data\04. Engepack.xlsx,Índices,B2:AT5,G3,3,3,Índices,2,Atualização,,IHS (M-1),,2023-01-01 00:00:00,January 2023,2023,1,890,890
C:\Users\40100123\OneDrive - Anheuser-Busch InBev\GAC\PET\Data Model\PET_Data_Model\data\04. Engepack.xlsx,Índices,B2:AT5,H3,3,3,Índices,2,Atualização,,IHS (M-1),,2023-02-01 00:00:00,February 2023,2023,2,941.88,941.88
C:\Users\40100123\OneDrive - Anheuser-Busch InBev\GAC\PET\Data Model\PET_Data_Model\data\04. Engepack.xlsx,Índices,B2:AT5,I3,3,3,Índices,2,Atualização,,IHS (M-1),,2023-03-01 00:00:00,March 2023,2023,3,965,965
C:\Users\40100123\OneDrive - Anheuser-Busch InBev\GAC\PET\Data Model\PET_Data_Model\data\04. Engepack.xlsx,Índices,B2:AT5,J3,3,3,Índices,2,Atualização,,IHS (M-1),,2023-04-01 00:00:00,April 2023,2023,4,980,980
C:\Users\40100123\OneDrive - Anheuser-Busch InBev\GAC\PET\Data Model\PET_Data_Model\data\04. Engepack.xlsx,Índices,B2:AT5,K3,3,3,Índices,2,Atualização,,IHS (M-1),,2023-05-01 00:00:00,May 2023,2023,5,1018.75,1018.75
C:\Users\40100123\OneDrive - Anheuser-Busch InBev\GAC\PET\Data Model\PET_Data_Model\data\04. Engepack.xlsx,Índices,B2:AT5,L3,3,3,Índices,2,Atualização,,IHS (M-1),,2023-06-01 00:00:00,June 2023,2023,6,938.13,938.13
C:\Users\40100123\OneDrive - Anheuser-Busch InBev\GAC\PET\Data Model\PET_Data_Model\data\04. Engepack.xlsx,Índices,B2:AT5,M3,3,3,Índices,2,Atualização,,IHS (M-1),,2023-07-01 00:00:00,July 2023,2023,7,882,882
C:\Users\40100123\OneDrive - Anheuser-Busch InBev\GAC\PET\Data Model\PET_Data_Model\data\04. Engepack.xlsx,Índices,B2:AT5,N3,3,3,Índices,2,Atualização,,IHS (M-1),,2023-08-01 00:00:00,August 2023,2023,8,878.75,878.75
C:\Users\40100123\OneDrive - Anheuser-Busch InBev\GAC\PET\Data Model\PET_Data_Model\data\04. Engepack.xlsx,Índices,B2:AT5,O3,3,3,Índices,2,Atualização,,IHS (M-1),,2023-09-01 00:00:00,September 2023,2023,9,889,889
C:\Users\40100123\OneDrive - Anheuser-Busch InBev\GAC\PET\Data Model\PET_Data_Model\data\04. Engepack.xlsx,Índices,B2:AT5,P3,3,3,Índices,2,Atualização,,IHS (M-1),,2023-10-01 00:00:00,October 2023,2023,10,898.75,898.75
C:\Users\40100123\OneDrive - Anheuser-Busch InBev\GAC\PET\Data Model\PET_Data_Model\data\04. Engepack.xlsx,Índices,B2:AT5,Q3,3,3,Índices,2,Atualização,,IHS (M-1),,2023-11-01 00:00:00,November 2023,2023,11,875.63,875.63
C:\Users\40100123\OneDrive - Anheuser-Busch InBev\GAC\PET\Data Model\PET_Data_Model\data\04. Engepack.xlsx,Índices,B2:AT5,R3,3,3,Índices,2,Atualização,,IHS (M-1),,2023-12-01 00:00:00,December 2023,2023,12,865,865
C:\Users\40100123\OneDrive - Anheuser-Busch InBev\GAC\PET\Data Model\PET_Data_Model\data\04. Engepack.xlsx,Índices,B2:AT5,S3,3,3,Índices,2,Atualização,,IHS (M-1),,2024-01-01 00:00:00,January 2024,2024,1,863.13,863.13
C:\Users\40100123\OneDrive - Anheuser-Busch InBev\GAC\PET\Data Model\PET_Data_Model\data\04. Engepack.xlsx,Índices,B2:AT5,T3,3,3,Índices,2,Atualização,,IHS (M-1),,2024-02-01 00:00:00,February 2024,2024,2,889.38,889.38
C:\Users\40100123\OneDrive - Anheuser-Busch InBev\GAC\PET\Data Model\PET_Data_Model\data\04. Engepack.xlsx,Índices,B2:AT5,U3,3,3,Índices,2,Atualização,,IHS (M-1),,2024-03-01 00:00:00,March 2024,2024,3,906.5,906.5
C:\Users\40100123\OneDrive - Anheuser-Busch InBev\GAC\PET\Data Model\PET_Data_Model\data\04. Engepack.xlsx,Índices,B2:AT5,V3,3,3,Índices,2,Atualização,,IHS (M-1),,2024-04-01 00:00:00,April 2024,2024,4,891.88,891.88
C:\Users\40100123\OneDrive - Anheuser-Busch InBev\GAC\PET\Data Model\PET_Data_Model\data\04. Engepack.xlsx,Índices,B2:AT5,W3,3,3,Índices,2,Atualização,,IHS (M-1),,2024-05-01 00:00:00,May 2024,2024,5,898.13,898.13
C:\Users\40100123\OneDrive - Anheuser-Busch InBev\GAC\PET\Data Model\PET_Data_Model\data\04. Engepack.xlsx,Índices,B2:AT5,X3,3,3,Índices,2,Atualização,,IHS (M-1),,2024-06-01 00:00:00,June 2024,2024,6,885,885
C:\Users\40100123\OneDrive - Anheuser-Busch InBev\GAC\PET\Data Model\PET_Data_Model\data\04. Engepack.xlsx,Índices,B2:AT5,Y3,3,3,Índices,2,Atualização,,IHS (M-1),,2024-07-01 00:00:00,July 2024,2024,7,885.63,885.63
C:\Users\40100123\OneDrive - Anheuser-Busch InBev\GAC\PET\Data Model\PET_Data_Model\data\04. Engepack.xlsx,Índices,B2:AT5,Z3,3,3,Índices,2,Atualização,,IHS (M-1),,2024-08-01 00:00:00,August 2024,2024,8,896.25,896.25
C:\Users\40100123\OneDrive - Anheuser-Busch InBev\GAC\PET\Data Model\PET_Data_Model\data\04. Engepack.xlsx,Índices,B2:AT5,AA3,3,3,Índices,2,Atualização,,IHS (M-1),,2024-09-01 00:00:00,September 2024,2024,9,874,874
C:\Users\40100123\OneDrive - Anheuser-Busch InBev\GAC\PET\Data Model\PET_Data_Model\data\04. Engepack.xlsx,Índices,B2:AT5,AB3,3,3,Índices,2,Atualização,,IHS (M-1),,2024-10-01 00:00:00,October 2024,2024,10,815,815
C:\Users\40100123\OneDrive - Anheuser-Busch InBev\GAC\PET\Data Model\PET_Data_Model\data\04. Engepack.xlsx,Índices,B2:AT5,AC3,3,3,Índices,2,Atualização,,IHS (M-1),,2024-11-01 00:00:00,November 2024,2024,11,842,842
C:\Users\40100123\OneDrive - Anheuser-Busch InBev\GAC\PET\Data Model\PET_Data_Model\data\04. Engepack.xlsx,Índices,B2:AT5,AD3,3,3,Índices,2,Atualização,,IHS (M-1),,2024-12-01 00:00:00,December 2024,2024,12,802.5,802.5
C:\Users\40100123\OneDrive - Anheuser-Busch InBev\GAC\PET\Data Model\PET_Data_Model\data\04. Engepack.xlsx,Índices,B2:AT5,AE3,3,3,Índices,2,Atualização,,IHS (M-1),,2025-01-01 00:00:00,January 2025,2025,1,791.25,791.25
C:\Users\40100123\OneDrive - Anheuser-Busch InBev\GAC\PET\Data Model\PET_Data_Model\data\04. Engepack.xlsx,Índices,B2:AT5,AF3,3,3,Índices,2,Atualização,,IHS (M-1),,2025-02-01 00:00:00,February 2025,2025,2,793.5,793.5
C:\Users\40100123\OneDrive - Anheuser-Busch InBev\GAC\PET\Data Model\PET_Data_Model\data\04. Engepack.xlsx,Índices,B2:AT5,AG3,3,3,Índices,2,Atualização,,IHS (M-1),,2025-03-01 00:00:00,March 2025,2025,3,795,795
C:\Users\40100123\OneDrive - Anheuser-Busch InBev\GAC\PET\Data Model\PET_Data_Model\data\04. Engepack.xlsx,Índices,B2:AT5,AH3,3,3,Índices,2,Atualização,,IHS (M-1),,2025-04-01 00:00:00,April 2025,2025,4,786.25,786.25
C:\Users\40100123\OneDrive - Anheuser-Busch InBev\GAC\PET\Data Model\PET_Data_Model\data\04. Engepack.xlsx,Índices,B2:AT5,AI3,3,3,Índices,2,Atualização,,IHS (M-1),,2025-05-01 00:00:00,May 2025,2025,5,745.625,745.625
C:\Users\40100123\OneDrive - Anheuser-Busch InBev\GAC\PET\Data Model\PET_Data_Model\data\04. Engepack.xlsx,Índices,B2:AT5,AJ3,3,3,Índices,2,Atualização,,IHS (M-1),,2025-06-01 00:00:00,June 2025,2025,6,775,775
C:\Users\40100123\OneDrive - Anheuser-Busch InBev\GAC\PET\Data Model\PET_Data_Model\data\04. Engepack.xlsx,Índices,B2:AT5,AK3,3,3,Índices,2,Atualização,,IHS (M-1),,2025-07-01 00:00:00,July 2025,2025,7,793.13,793.13
C:\Users\40100123\OneDrive - Anheuser-Busch InBev\GAC\PET\Data Model\PET_Data_Model\data\04. Engepack.xlsx,Índices,B2:AT5,AL3,3,3,Índices,2,Atualização,,IHS (M-1),,2025-08-01 00:00:00,August 2025,2025,8,781.875,781.875
C:\Users\40100123\OneDrive - Anheuser-Busch InBev\GAC\PET\Data Model\PET_Data_Model\data\04. Engepack.xlsx,Índices,B2:AT5,AM3,3,3,Índices,2,Atualização,,IHS (M-1),,2025-09-01 00:00:00,September 2025,2025,9,774,774
C:\Users\40100123\OneDrive - Anheuser-Busch InBev\GAC\PET\Data Model\PET_Data_Model\data\04. Engepack.xlsx,Índices,B2:AT5,AN3,3,3,Índices,2,Atualização,,IHS (M-1),,2025-10-01 00:00:00,October 2025,2025,10,765,765
C:\Users\40100123\OneDrive - Anheuser-Busch InBev\GAC\PET\Data Model\PET_Data_Model\data\04. Engepack.xlsx,Índices,B2:AT5,AO3,3,3,Índices,2,Atualização,,IHS (M-1),,2025-11-01 00:00:00,November 2025,2025,11,752,752
C:\Users\40100123\OneDrive - Anheuser-Busch InBev\GAC\PET\Data Model\PET_Data_Model\data\04. Engepack.xlsx,Índices,B2:AT5,AP3,3,3,Índices,2,Atualização,,IHS (M-1),,2025-12-01 00:00:00,December 2025,2025,12,748.75,748.75
C:\Users\40100123\OneDrive - Anheuser-Busch InBev\GAC\PET\Data Model\PET_Data_Model\data\04. Engepack.xlsx,Índices,B2:AT5,AQ3,3,3,Índices,2,Atualização,,IHS (M-1),,2026-01-01 00:00:00,January 2026,2026,1,756.25,756.25
C:\Users\40100123\OneDrive - Anheuser-Busch InBev\GAC\PET\Data Model\PET_Data_Model\data\04. Engepack.xlsx,Índices,B2:AT5,AR3,3,3,Índices,2,Atualização,,IHS (M-1),,2026-02-01 00:00:00,February 2026,2026,2,818.125,818.125
C:\Users\40100123\OneDrive - Anheuser-Busch InBev\GAC\PET\Data Model\PET_Data_Model\data\04. Engepack.xlsx,Índices,B2:AT5,AS3,3,3,Índices,2,Atualização,,IHS (M-1),,2026-03-01 00:00:00,March 2026,2026,3,838.33,838.33
C:\Users\40100123\OneDrive - Anheuser-Busch InBev\GAC\PET\Data Model\PET_Data_Model\data\04. Engepack.xlsx,Índices,B2:AT5,AT3,3,3,Índices,2,Atualização,,IHS (M-1),,2026-04-01 00:00:00,April 2026,2026,4,1111.25,1111.25
C:\Users\40100123\OneDrive - Anheuser-Busch InBev\GAC\PET\Data Model\PET_Data_Model\data\04. Engepack.xlsx,Índices,B2:AT5,D4,4,4,Índices,2,Atualização,,Maxiquim MME (M-1),,2022-10-01 00:00:00,October 2022,2022,10,4550,4550
C:\Users\40100123\OneDrive - Anheuser-Busch InBev\GAC\PET\Data Model\PET_Data_Model\data\04. Engepack.xlsx,Índices,B2:AT5,E4,4,4,Índices,2,Atualização,,Maxiquim MME (M-1),,2022-11-01 00:00:00,November 2022,2022,11,4750,4750
C:\Users\40100123\OneDrive - Anheuser-Busch InBev\GAC\PET\Data Model\PET_Data_Model\data\04. Engepack.xlsx,Índices,B2:AT5,F4,4,4,Índices,2,Atualização,,Maxiquim MME (M-1),,2022-12-01 00:00:00,December 2022,2022,12,4850,4850
C:\Users\40100123\OneDrive - Anheuser-Busch InBev\GAC\PET\Data Model\PET_Data_Model\data\04. Engepack.xlsx,Índices,B2:AT5,G4,4,4,Índices,2,Atualização,,Maxiquim MME (M-1),,2023-01-01 00:00:00,January 2023,2023,1,4850,4850
C:\Users\40100123\OneDrive - Anheuser-Busch InBev\GAC\PET\Data Model\PET_Data_Model\data\04. Engepack.xlsx,Índices,B2:AT5,H4,4,4,Índices,2,Atualização,,Maxiquim MME (M-1),,2023-02-01 00:00:00,February 2023,2023,2,4600,4600
C:\Users\40100123\OneDrive - Anheuser-Busch InBev\GAC\PET\Data Model\PET_Data_Model\data\04. Engepack.xlsx,Índices,B2:AT5,I4,4,4,Índices,2,Atualização,,Maxiquim MME (M-1),,2023-03-01 00:00:00,March 2023,2023,3,4400,4400
C:\Users\40100123\OneDrive - Anheuser-Busch InBev\GAC\PET\Data Model\PET_Data_Model\data\04. Engepack.xlsx,Índices,B2:AT5,J4,4,4,Índices,2,Atualização,,Maxiquim MME (M-1),,2023-04-01 00:00:00,April 2023,2023,4,4100,4100
C:\Users\40100123\OneDrive - Anheuser-Busch InBev\GAC\PET\Data Model\PET_Data_Model\data\04. Engepack.xlsx,Índices,B2:AT5,K4,4,4,Índices,2,Atualização,,Maxiquim MME (M-1),,2023-05-01 00:00:00,May 2023,2023,5,3900,3900
C:\Users\40100123\OneDrive - Anheuser-Busch InBev\GAC\PET\Data Model\PET_Data_Model\data\04. Engepack.xlsx,Índices,B2:AT5,L4,4,4,Índices,2,Atualização,,Maxiquim MME (M-1),,2023-06-01 00:00:00,June 2023,2023,6,3750,3750
C:\Users\40100123\OneDrive - Anheuser-Busch InBev\GAC\PET\Data Model\PET_Data_Model\data\04. Engepack.xlsx,Índices,B2:AT5,M4,4,4,Índices,2,Atualização,,Maxiquim MME (M-1),,2023-07-01 00:00:00,July 2023,2023,7,4000,4000
C:\Users\40100123\OneDrive - Anheuser-Busch InBev\GAC\PET\Data Model\PET_Data_Model\data\04. Engepack.xlsx,Índices,B2:AT5,N4,4,4,Índices,2,Atualização,,Maxiquim MME (M-1),,2023-08-01 00:00:00,August 2023,2023,8,3800,3800
C:\Users\40100123\OneDrive - Anheuser-Busch InBev\GAC\PET\Data Model\PET_Data_Model\data\04. Engepack.xlsx,Índices,B2:AT5,O4,4,4,Índices,2,Atualização,,Maxiquim MME (M-1),,2023-09-01 00:00:00,September 2023,2023,9,3500,3500
C:\Users\40100123\OneDrive - Anheuser-Busch InBev\GAC\PET\Data Model\PET_Data_Model\data\04. Engepack.xlsx,Índices,B2:AT5,P4,4,4,Índices,2,Atualização,,Maxiquim MME (M-1),,2023-10-01 00:00:00,October 2023,2023,10,3400,3400
C:\Users\40100123\OneDrive - Anheuser-Busch InBev\GAC\PET\Data Model\PET_Data_Model\data\04. Engepack.xlsx,Índices,B2:AT5,Q4,4,4,Índices,2,Atualização,,Maxiquim MME (M-1),,2023-11-01 00:00:00,November 2023,2023,11,3450,3450
C:\Users\40100123\OneDrive - Anheuser-Busch InBev\GAC\PET\Data Model\PET_Data_Model\data\04. Engepack.xlsx,Índices,B2:AT5,R4,4,4,Índices,2,Atualização,,Maxiquim MME (M-1),,2023-12-01 00:00:00,December 2023,2023,12,3500,3500
C:\Users\40100123\OneDrive - Anheuser-Busch InBev\GAC\PET\Data Model\PET_Data_Model\data\04. Engepack.xlsx,Índices,B2:AT5,S4,4,4,Índices,2,Atualização,,Maxiquim MME (M-1),,2024-01-01 00:00:00,January 2024,2024,1,3600,3600
C:\Users\40100123\OneDrive - Anheuser-Busch InBev\GAC\PET\Data Model\PET_Data_Model\data\04. Engepack.xlsx,Índices,B2:AT5,T4,4,4,Índices,2,Atualização,,Maxiquim MME (M-1),,2024-02-01 00:00:00,February 2024,2024,2,3600,3600
C:\Users\40100123\OneDrive - Anheuser-Busch InBev\GAC\PET\Data Model\PET_Data_Model\data\04. Engepack.xlsx,Índices,B2:AT5,U4,4,4,Índices,2,Atualização,,Maxiquim MME (M-1),,2024-03-01 00:00:00,March 2024,2024,3,3650,3650
C:\Users\40100123\OneDrive - Anheuser-Busch InBev\GAC\PET\Data Model\PET_Data_Model\data\04. Engepack.xlsx,Índices,B2:AT5,V4,4,4,Índices,2,Atualização,,Maxiquim MME (M-1),,2024-04-01 00:00:00,April 2024,2024,4,3700,3700
C:\Users\40100123\OneDrive - Anheuser-Busch InBev\GAC\PET\Data Model\PET_Data_Model\data\04. Engepack.xlsx,Índices,B2:AT5,W4,4,4,Índices,2,Atualização,,Maxiquim MME (M-1),,2024-05-01 00:00:00,May 2024,2024,5,3750,3750
C:\Users\40100123\OneDrive - Anheuser-Busch InBev\GAC\PET\Data Model\PET_Data_Model\data\04. Engepack.xlsx,Índices,B2:AT5,X4,4,4,Índices,2,Atualização,,Maxiquim MME (M-1),,2024-06-01 00:00:00,June 2024,2024,6,3950,3950
C:\Users\40100123\OneDrive - Anheuser-Busch InBev\GAC\PET\Data Model\PET_Data_Model\data\04. Engepack.xlsx,Índices,B2:AT5,Y4,4,4,Índices,2,Atualização,,Maxiquim MME (M-1),,2024-07-01 00:00:00,July 2024,2024,7,4350,4350
C:\Users\40100123\OneDrive - Anheuser-Busch InBev\GAC\PET\Data Model\PET_Data_Model\data\04. Engepack.xlsx,Índices,B2:AT5,Z4,4,4,Índices,2,Atualização,,Maxiquim MME (M-1),,2024-08-01 00:00:00,August 2024,2024,8,4750,4750
C:\Users\40100123\OneDrive - Anheuser-Busch InBev\GAC\PET\Data Model\PET_Data_Model\data\04. Engepack.xlsx,Índices,B2:AT5,AA4,4,4,Índices,2,Atualização,,Maxiquim MME (M-1),,2024-09-01 00:00:00,September 2024,2024,9,5150,5150
C:\Users\40100123\OneDrive - Anheuser-Busch InBev\GAC\PET\Data Model\PET_Data_Model\data\04. Engepack.xlsx,Índices,B2:AT5,AB4,4,4,Índices,2,Atualização,,Maxiquim MME (M-1),,2024-10-01 00:00:00,October 2024,2024,10,5500,5500
C:\Users\40100123\OneDrive - Anheuser-Busch InBev\GAC\PET\Data Model\PET_Data_Model\data\04. Engepack.xlsx,Índices,B2:AT5,AC4,4,4,Índices,2,Atualização,,Maxiquim MME (M-1),,2024-11-01 00:00:00,November 2024,2024,11,6150,6150
C:\Users\40100123\OneDrive - Anheuser-Busch InBev\GAC\PET\Data Model\PET_Data_Model\data\04. Engepack.xlsx,Índices,B2:AT5,AD4,4,4,Índices,2,Atualização,,Maxiquim MME (M-1),,2024-12-01 00:00:00,December 2024,2024,12,6150,6150
C:\Users\40100123\OneDrive - Anheuser-Busch InBev\GAC\PET\Data Model\PET_Data_Model\data\04. Engepack.xlsx,Índices,B2:AT5,AE4,4,4,Índices,2,Atualização,,Maxiquim MME (M-1),,2025-01-01 00:00:00,January 2025,2025,1,6200,6200
C:\Users\40100123\OneDrive - Anheuser-Busch InBev\GAC\PET\Data Model\PET_Data_Model\data\04. Engepack.xlsx,Índices,B2:AT5,AF4,4,4,Índices,2,Atualização,,Maxiquim MME (M-1),,2025-02-01 00:00:00,February 2025,2025,2,6300,6300
C:\Users\40100123\OneDrive - Anheuser-Busch InBev\GAC\PET\Data Model\PET_Data_Model\data\04. Engepack.xlsx,Índices,B2:AT5,AG4,4,4,Índices,2,Atualização,,Maxiquim MME (M-1),,2025-03-01 00:00:00,March 2025,2025,3,6300,6300
C:\Users\40100123\OneDrive - Anheuser-Busch InBev\GAC\PET\Data Model\PET_Data_Model\data\04. Engepack.xlsx,Índices,B2:AT5,AH4,4,4,Índices,2,Atualização,,Maxiquim MME (M-1),,2025-04-01 00:00:00,April 2025,2025,4,6150,6150
C:\Users\40100123\OneDrive - Anheuser-Busch InBev\GAC\PET\Data Model\PET_Data_Model\data\04. Engepack.xlsx,Índices,B2:AT5,AI4,4,4,Índices,2,Atualização,,Maxiquim MME (M-1),,2025-05-01 00:00:00,May 2025,2025,5,5600,5600
C:\Users\40100123\OneDrive - Anheuser-Busch InBev\GAC\PET\Data Model\PET_Data_Model\data\04. Engepack.xlsx,Índices,B2:AT5,AJ4,4,4,Índices,2,Atualização,,Maxiquim MME (M-1),,2025-06-01 00:00:00,June 2025,2025,6,5150,5150
C:\Users\40100123\OneDrive - Anheuser-Busch InBev\GAC\PET\Data Model\PET_Data_Model\data\04. Engepack.xlsx,Índices,B2:AT5,AK4,4,4,Índices,2,Atualização,,Maxiquim MME (M-1),,2025-07-01 00:00:00,July 2025,2025,7,5000,5000
C:\Users\40100123\OneDrive - Anheuser-Busch InBev\GAC\PET\Data Model\PET_Data_Model\data\04. Engepack.xlsx,Índices,B2:AT5,AL4,4,4,Índices,2,Atualização,,Maxiquim MME (M-1),,2025-08-01 00:00:00,August 2025,2025,8,5000,5000
C:\Users\40100123\OneDrive - Anheuser-Busch InBev\GAC\PET\Data Model\PET_Data_Model\data\04. Engepack.xlsx,Índices,B2:AT5,AM4,4,4,Índices,2,Atualização,,Maxiquim MME (M-1),,2025-09-01 00:00:00,September 2025,2025,9,5050,5050
C:\Users\40100123\OneDrive - Anheuser-Busch InBev\GAC\PET\Data Model\PET_Data_Model\data\04. Engepack.xlsx,Índices,B2:AT5,AN4,4,4,Índices,2,Atualização,,Maxiquim MME (M-1),,2025-10-01 00:00:00,October 2025,2025,10,5150,5150
C:\Users\40100123\OneDrive - Anheuser-Busch InBev\GAC\PET\Data Model\PET_Data_Model\data\04. Engepack.xlsx,Índices,B2:AT5,AO4,4,4,Índices,2,Atualização,,Maxiquim MME (M-1),,2025-11-01 00:00:00,November 2025,2025,11,5100,5100
C:\Users\40100123\OneDrive - Anheuser-Busch InBev\GAC\PET\Data Model\PET_Data_Model\data\04. Engepack.xlsx,Índices,B2:AT5,AP4,4,4,Índices,2,Atualização,,Maxiquim MME (M-1),,2025-12-01 00:00:00,December 2025,2025,12,5050,5050
C:\Users\40100123\OneDrive - Anheuser-Busch InBev\GAC\PET\Data Model\PET_Data_Model\data\04. Engepack.xlsx,Índices,B2:AT5,AQ4,4,4,Índices,2,Atualização,,Maxiquim MME (M-1),,2026-01-01 00:00:00,January 2026,2026,1,4900,4900
C:\Users\40100123\OneDrive - Anheuser-Busch InBev\GAC\PET\Data Model\PET_Data_Model\data\04. Engepack.xlsx,Índices,B2:AT5,AR4,4,4,Índices,2,Atualização,,Maxiquim MME (M-1),,2026-02-01 00:00:00,February 2026,2026,2,4600,4600
C:\Users\40100123\OneDrive - Anheuser-Busch InBev\GAC\PET\Data Model\PET_Data_Model\data\04. Engepack.xlsx,Índices,B2:AT5,AS4,4,4,Índices,2,Atualização,,Maxiquim MME (M-1),,2026-03-01 00:00:00,March 2026,2026,3,4050,4050
C:\Users\40100123\OneDrive - Anheuser-Busch InBev\GAC\PET\Data Model\PET_Data_Model\data\04. Engepack.xlsx,Índices,B2:AT5,AT4,4,4,Índices,2,Atualização,,Maxiquim MME (M-1),,2026-04-01 00:00:00,April 2026,2026,4,4100,4100
C:\Users\40100123\OneDrive - Anheuser-Busch InBev\GAC\PET\Data Model\PET_Data_Model\data\04. Engepack.xlsx,Índices,B2:AT5,G5,5,5,Índices,2,Atualização,,Fx (M-1),,2023-01-01 00:00:00,January 2023,2023,1,5.2424,5.2424
C:\Users\40100123\OneDrive - Anheuser-Busch InBev\GAC\PET\Data Model\PET_Data_Model\data\04. Engepack.xlsx,Índices,B2:AT5,H5,5,5,Índices,2,Atualização,,Fx (M-1),,2023-02-01 00:00:00,February 2023,2023,2,5.2007,5.2007
C:\Users\40100123\OneDrive - Anheuser-Busch InBev\GAC\PET\Data Model\PET_Data_Model\data\04. Engepack.xlsx,Índices,B2:AT5,I5,5,5,Índices,2,Atualização,,Fx (M-1),,2023-03-01 00:00:00,March 2023,2023,3,5.1717,5.1717
C:\Users\40100123\OneDrive - Anheuser-Busch InBev\GAC\PET\Data Model\PET_Data_Model\data\04. Engepack.xlsx,Índices,B2:AT5,J5,5,5,Índices,2,Atualização,,Fx (M-1),,2023-04-01 00:00:00,April 2023,2023,4,5.2115,5.2115
C:\Users\40100123\OneDrive - Anheuser-Busch InBev\GAC\PET\Data Model\PET_Data_Model\data\04. Engepack.xlsx,Índices,B2:AT5,K5,5,5,Índices,2,Atualização,,Fx (M-1),,2023-05-01 00:00:00,May 2023,2023,5,5.0197,5.0197
C:\Users\40100123\OneDrive - Anheuser-Busch InBev\GAC\PET\Data Model\PET_Data_Model\data\04. Engepack.xlsx,Índices,B2:AT5,L5,5,5,Índices,2,Atualização,,Fx (M-1),,2023-06-01 00:00:00,June 2023,2023,6,4.9828,4.9828
C:\Users\40100123\OneDrive - Anheuser-Busch InBev\GAC\PET\Data Model\PET_Data_Model\data\04. Engepack.xlsx,Índices,B2:AT5,M5,5,5,Índices,2,Atualização,,Fx (M-1),,2023-07-01 00:00:00,July 2023,2023,7,4.8516,4.8516
C:\Users\40100123\OneDrive - Anheuser-Busch InBev\GAC\PET\Data Model\PET_Data_Model\data\04. Engepack.xlsx,Índices,B2:AT5,N5,5,5,Índices,2,Atualização,,Fx (M-1),,2023-08-01 00:00:00,August 2023,2023,8,4.8008,4.8008
C:\Users\40100123\OneDrive - Anheuser-Busch InBev\GAC\PET\Data Model\PET_Data_Model\data\04. Engepack.xlsx,Índices,B2:AT5,O5,5,5,Índices,2,Atualização,,Fx (M-1),,2023-09-01 00:00:00,September 2023,2023,9,4.9035,4.9035
C:\Users\40100123\OneDrive - Anheuser-Busch InBev\GAC\PET\Data Model\PET_Data_Model\data\04. Engepack.xlsx,Índices,B2:AT5,P5,5,5,Índices,2,Atualização,,Fx (M-1),,2023-10-01 00:00:00,October 2023,2023,10,4.93699,4.93699
C:\Users\40100123\OneDrive - Anheuser-Busch InBev\GAC\PET\Data Model\PET_Data_Model\data\04. Engepack.xlsx,Índices,B2:AT5,Q5,5,5,Índices,2,Atualização,,Fx (M-1),,2023-11-01 00:00:00,November 2023,2023,11,5.0648,5.0648
C:\Users\40100123\OneDrive - Anheuser-Busch InBev\GAC\PET\Data Model\PET_Data_Model\data\04. Engepack.xlsx,Índices,B2:AT5,R5,5,5,Índices,2,Atualização,,Fx (M-1),,2023-12-01 00:00:00,December 2023,2023,12,4.8983,4.8983
C:\Users\40100123\OneDrive - Anheuser-Busch InBev\GAC\PET\Data Model\PET_Data_Model\data\04. Engepack.xlsx,Índices,B2:AT5,S5,5,5,Índices,2,Atualização,,Fx (M-1),,2024-01-01 00:00:00,January 2024,2024,1,4.8972,4.8972
C:\Users\40100123\OneDrive - Anheuser-Busch InBev\GAC\PET\Data Model\PET_Data_Model\data\04. Engepack.xlsx,Índices,B2:AT5,T5,5,5,Índices,2,Atualização,,Fx (M-1),,2024-02-01 00:00:00,February 2024,2024,2,4.9144,4.9144
C:\Users\40100123\OneDrive - Anheuser-Busch InBev\GAC\PET\Data Model\PET_Data_Model\data\04. Engepack.xlsx,Índices,B2:AT5,U5,5,5,Índices,2,Atualização,,Fx (M-1),,2024-03-01 00:00:00,March 2024,2024,3,4.9644,4.9644
C:\Users\40100123\OneDrive - Anheuser-Busch InBev\GAC\PET\Data Model\PET_Data_Model\data\04. Engepack.xlsx,Índices,B2:AT5,V5,5,5,Índices,2,Atualização,,Fx (M-1),,2024-04-01 00:00:00,April 2024,2024,4,4.9801,4.9801
C:\Users\40100123\OneDrive - Anheuser-Busch InBev\GAC\PET\Data Model\PET_Data_Model\data\04. Engepack.xlsx,Índices,B2:AT5,W5,5,5,Índices,2,Atualização,,Fx (M-1),,2024-05-01 00:00:00,May 2024,2024,5,5.1291,5.1291
C:\Users\40100123\OneDrive - Anheuser-Busch InBev\GAC\PET\Data Model\PET_Data_Model\data\04. Engepack.xlsx,Índices,B2:AT5,X5,5,5,Índices,2,Atualização,,Fx (M-1),,2024-06-01 00:00:00,June 2024,2024,6,5.133,5.133
C:\Users\40100123\OneDrive - Anheuser-Busch InBev\GAC\PET\Data Model\PET_Data_Model\data\04. Engepack.xlsx,Índices,B2:AT5,Y5,5,5,Índices,2,Atualização,,Fx (M-1),,2024-07-01 00:00:00,July 2024,2024,7,5.389,5.389
C:\Users\40100123\OneDrive - Anheuser-Busch InBev\GAC\PET\Data Model\PET_Data_Model\data\04. Engepack.xlsx,Índices,B2:AT5,Z5,5,5,Índices,2,Atualização,,Fx (M-1),,2024-08-01 00:00:00,August 2024,2024,8,5.542,5.542
C:\Users\40100123\OneDrive - Anheuser-Busch InBev\GAC\PET\Data Model\PET_Data_Model\data\04. Engepack.xlsx,Índices,B2:AT5,AA5,5,5,Índices,2,Atualização,,Fx (M-1),,2024-09-01 00:00:00,September 2024,2024,9,5.5526,5.5526
C:\Users\40100123\OneDrive - Anheuser-Busch InBev\GAC\PET\Data Model\PET_Data_Model\data\04. Engepack.xlsx,Índices,B2:AT5,AB5,5,5,Índices,2,Atualização,,Fx (M-1),,2024-10-01 00:00:00,October 2024,2024,10,5.5416,5.5416
C:\Users\40100123\OneDrive - Anheuser-Busch InBev\GAC\PET\Data Model\PET_Data_Model\data\04. Engepack.xlsx,Índices,B2:AT5,AC5,5,5,Índices,2,Atualização,,Fx (M-1),,2024-11-01 00:00:00,November 2024,2024,11,5.6241,5.6241
C:\Users\40100123\OneDrive - Anheuser-Busch InBev\GAC\PET\Data Model\PET_Data_Model\data\04. Engepack.xlsx,Índices,B2:AT5,AD5,5,5,Índices,2,Atualização,,Fx (M-1),,2024-12-01 00:00:00,December 2024,2024,12,5.8071,5.8071
C:\Users\40100123\OneDrive - Anheuser-Busch InBev\GAC\PET\Data Model\PET_Data_Model\data\04. Engepack.xlsx,Índices,B2:AT5,AE5,5,5,Índices,2,Atualização,,Fx (M-1),,2025-01-01 00:00:00,January 2025,2025,1,6.097,6.097
C:\Users\40100123\OneDrive - Anheuser-Busch InBev\GAC\PET\Data Model\PET_Data_Model\data\04. Engepack.xlsx,Índices,B2:AT5,AF5,5,5,Índices,2,Atualização,,Fx (M-1),,2025-02-01 00:00:00,February 2025,2025,2,6.0218,6.0218
C:\Users\40100123\OneDrive - Anheuser-Busch InBev\GAC\PET\Data Model\PET_Data_Model\data\04. Engepack.xlsx,Índices,B2:AT5,AG5,5,5,Índices,2,Atualização,,Fx (M-1),,2025-03-01 00:00:00,March 2025,2025,3,5.7656,5.7656
C:\Users\40100123\OneDrive - Anheuser-Busch InBev\GAC\PET\Data Model\PET_Data_Model\data\04. Engepack.xlsx,Índices,B2:AT5,AH5,5,5,Índices,2,Atualização,,Fx (M-1),,2025-04-01 00:00:00,April 2025,2025,4,5.7468,5.7468
C:\Users\40100123\OneDrive - Anheuser-Busch InBev\GAC\PET\Data Model\PET_Data_Model\data\04. Engepack.xlsx,Índices,B2:AT5,AI5,5,5,Índices,2,Atualização,,Fx (M-1),,2025-05-01 00:00:00,May 2025,2025,5,5.7837,5.7837
C:\Users\40100123\OneDrive - Anheuser-Busch InBev\GAC\PET\Data Model\PET_Data_Model\data\04. Engepack.xlsx,Índices,B2:AT5,AJ5,5,5,Índices,2,Atualização,,Fx (M-1),,2025-06-01 00:00:00,June 2025,2025,6,5.6674,5.6674
C:\Users\40100123\OneDrive - Anheuser-Busch InBev\GAC\PET\Data Model\PET_Data_Model\data\04. Engepack.xlsx,Índices,B2:AT5,AK5,5,5,Índices,2,Atualização,,Fx (M-1),,2025-07-01 00:00:00,July 2025,2025,7,5.5471,5.5471
C:\Users\40100123\OneDrive - Anheuser-Busch InBev\GAC\PET\Data Model\PET_Data_Model\data\04. Engepack.xlsx,Índices,B2:AT5,AL5,5,5,Índices,2,Atualização,,Fx (M-1),,2025-08-01 00:00:00,August 2025,2025,8,5.5285,5.5285
C:\Users\40100123\OneDrive - Anheuser-Busch InBev\GAC\PET\Data Model\PET_Data_Model\data\04. Engepack.xlsx,Índices,B2:AT5,AM5,5,5,Índices,2,Atualização,,Fx (M-1),,2025-09-01 00:00:00,September 2025,2025,9,5.4469,5.4469
C:\Users\40100123\OneDrive - Anheuser-Busch InBev\GAC\PET\Data Model\PET_Data_Model\data\04. Engepack.xlsx,Índices,B2:AT5,AN5,5,5,Índices,2,Atualização,,Fx (M-1),,2025-10-01 00:00:00,October 2025,2025,10,5.3674,5.3674
C:\Users\40100123\OneDrive - Anheuser-Busch InBev\GAC\PET\Data Model\PET_Data_Model\data\04. Engepack.xlsx,Índices,B2:AT5,AO5,5,5,Índices,2,Atualização,,Fx (M-1),,2025-11-01 00:00:00,November 2025,2025,11,5.3855,5.3855
C:\Users\40100123\OneDrive - Anheuser-Busch InBev\GAC\PET\Data Model\PET_Data_Model\data\04. Engepack.xlsx,Índices,B2:AT5,AP5,5,5,Índices,2,Atualização,,Fx (M-1),,2025-12-01 00:00:00,December 2025,2025,12,5.3409,5.3409
C:\Users\40100123\OneDrive - Anheuser-Busch InBev\GAC\PET\Data Model\PET_Data_Model\data\04. Engepack.xlsx,Índices,B2:AT5,AQ5,5,5,Índices,2,Atualização,,Fx (M-1),,2026-01-01 00:00:00,January 2026,2026,1,5.4531,5.4531
C:\Users\40100123\OneDrive - Anheuser-Busch InBev\GAC\PET\Data Model\PET_Data_Model\data\04. Engepack.xlsx,Índices,B2:AT5,AR5,5,5,Índices,2,Atualização,,Fx (M-1),,2026-02-01 00:00:00,February 2026,2026,2,5.338,5.338
C:\Users\40100123\OneDrive - Anheuser-Busch InBev\GAC\PET\Data Model\PET_Data_Model\data\04. Engepack.xlsx,Índices,B2:AT5,AS5,5,5,Índices,2,Atualização,,Fx (M-1),,2026-03-01 00:00:00,March 2026,2026,3,5.2006,5.2006
C:\Users\40100123\OneDrive - Anheuser-Busch InBev\GAC\PET\Data Model\PET_Data_Model\data\04. Engepack.xlsx,Índices,B2:AT5,AT5,5,5,Índices,2,Atualização,,Fx (M-1),,2026-04-01 00:00:00,April 2026,2026,4,5.2316,5.2316
C:\Users\40100123\OneDrive - Anheuser-Busch InBev\GAC\PET\Data Model\PET_Data_Model\data\04. Engepack.xlsx,Índices,B23:AT23,F23,23,23,Índices,20,Freight,Engepack,Freight,AVG Q-1,2022-12-01 00:00:00,December 2022,2022,12,140.91654320987652,=AVERAGE(D22:F22)
C:\Users\40100123\OneDrive - Anheuser-Busch InBev\GAC\PET\Data Model\PET_Data_Model\data\04. Engepack.xlsx,Índices,B23:AT23,G23,23,23,Índices,20,Freight,Engepack,Freight,AVG Q-1,2023-01-01 00:00:00,January 2023,2023,1,85.0795061728395,=AVERAGE(E22:G22)
C:\Users\40100123\OneDrive - Anheuser-Busch InBev\GAC\PET\Data Model\PET_Data_Model\data\04. Engepack.xlsx,Índices,B23:AT23,H23,23,23,Índices,20,Freight,Engepack,Freight,AVG Q-1,2023-02-01 00:00:00,February 2023,2023,2,64.21283950617284,=AVERAGE(F22:H22)
C:\Users\40100123\OneDrive - Anheuser-Busch InBev\GAC\PET\Data Model\PET_Data_Model\data\04. Engepack.xlsx,Índices,B23:AT23,I23,23,23,Índices,20,Freight,Engepack,Freight,AVG Q-1,2023-03-01 00:00:00,March 2023,2023,3,60.651358024691355,=AVERAGE(G22:I22)
C:\Users\40100123\OneDrive - Anheuser-Busch InBev\GAC\PET\Data Model\PET_Data_Model\data\04. Engepack.xlsx,Índices,B23:AT23,J23,23,23,Índices,20,Freight,Engepack,Freight,AVG Q-1,2023-04-01 00:00:00,April 2023,2023,4,72.40814814814814,=AVERAGE(H22:J22)
C:\Users\40100123\OneDrive - Anheuser-Busch InBev\GAC\PET\Data Model\PET_Data_Model\data\04. Engepack.xlsx,Índices,B23:AT23,K23,23,23,Índices,20,Freight,Engepack,Freight,AVG Q-1,2023-05-01 00:00:00,May 2023,2023,5,79.77111111111111,=AVERAGE(I22:K22)
C:\Users\40100123\OneDrive - Anheuser-Busch InBev\GAC\PET\Data Model\PET_Data_Model\data\04. Engepack.xlsx,Índices,B23:AT23,L23,23,23,Índices,20,Freight,Engepack,Freight,AVG Q-1,2023-06-01 00:00:00,June 2023,2023,6,93.27629629629628,=AVERAGE(J22:L22)
C:\Users\40100123\OneDrive - Anheuser-Busch InBev\GAC\PET\Data Model\PET_Data_Model\data\04. Engepack.xlsx,Índices,B23:AT23,M23,23,23,Índices,20,Freight,Engepack,Freight,AVG Q-1,2023-07-01 00:00:00,July 2023,2023,7,103.0874074074074,=AVERAGE(K22:M22)
C:\Users\40100123\OneDrive - Anheuser-Busch InBev\GAC\PET\Data Model\PET_Data_Model\data\04. Engepack.xlsx,Índices,B23:AT23,N23,23,23,Índices,20,Freight,Engepack,Freight,AVG Q-1,2023-08-01 00:00:00,August 2023,2023,8,107.98,=AVERAGE(L22:N22)
C:\Users\40100123\OneDrive - Anheuser-Busch InBev\GAC\PET\Data Model\PET_Data_Model\data\04. Engepack.xlsx,Índices,B23:AT23,O23,23,23,Índices,20,Freight,Engepack,Freight,AVG Q-1,2023-09-01 00:00:00,September 2023,2023,9,100.50444444444445,=AVERAGE(M22:O22)
C:\Users\40100123\OneDrive - Anheuser-Busch InBev\GAC\PET\Data Model\PET_Data_Model\data\04. Engepack.xlsx,Índices,B23:AT23,P23,23,23,Índices,20,Freight,Engepack,Freight,AVG Q-1,2023-10-01 00:00:00,October 2023,2023,10,94.23530864197532,=AVERAGE(N22:P22)
C:\Users\40100123\OneDrive - Anheuser-Busch InBev\GAC\PET\Data Model\PET_Data_Model\data\04. Engepack.xlsx,Índices,B23:AT23,Q23,23,23,Índices,20,Freight,Engepack,Freight,AVG Q-1,2023-11-01 00:00:00,November 2023,2023,11,100.35382716049382,=AVERAGE(O22:Q22)
C:\Users\40100123\OneDrive - Anheuser-Busch InBev\GAC\PET\Data Model\PET_Data_Model\data\04. Engepack.xlsx,Índices,B23:AT23,R23,23,23,Índices,20,Freight,Engepack,Freight,AVG Q-1,2023-12-01 00:00:00,December 2023,2023,12,109.77308641975308,=AVERAGE(P22:R22)
C:\Users\40100123\OneDrive - Anheuser-Busch InBev\GAC\PET\Data Model\PET_Data_Model\data\04. Engepack.xlsx,Índices,B23:AT23,S23,23,23,Índices,20,Freight,Engepack,Freight,AVG Q-1,2024-01-01 00:00:00,January 2024,2024,1,118.93481481481483,=AVERAGE(Q22:S22)
C:\Users\40100123\OneDrive - Anheuser-Busch InBev\GAC\PET\Data Model\PET_Data_Model\data\04. Engepack.xlsx,Índices,B23:AT23,T23,23,23,Índices,20,Freight,Engepack,Freight,AVG Q-1,2024-02-01 00:00:00,February 2024,2024,2,116.66197530864197,=AVERAGE(R22:T22)
C:\Users\40100123\OneDrive - Anheuser-Busch InBev\GAC\PET\Data Model\PET_Data_Model\data\04. Engepack.xlsx,Índices,B23:AT23,U23,23,23,Índices,20,Freight,Engepack,Freight,AVG Q-1,2024-03-01 00:00:00,March 2024,2024,3,118.33901234567902,=AVERAGE(S22:U22)
C:\Users\40100123\OneDrive - Anheuser-Busch InBev\GAC\PET\Data Model\PET_Data_Model\data\04. Engepack.xlsx,Índices,B23:AT23,V23,23,23,Índices,20,Freight,Engepack,Freight,AVG Q-1,2024-04-01 00:00:00,April 2024,2024,4,134.37604938271605,=AVERAGE(T22:V22)
C:\Users\40100123\OneDrive - Anheuser-Busch InBev\GAC\PET\Data Model\PET_Data_Model\data\04. Engepack.xlsx,Índices,B23:AT23,W23,23,23,Índices,20,Freight,Engepack,Freight,AVG Q-1,2024-05-01 00:00:00,May 2024,2024,5,194.7266666666667,=AVERAGE(U22:W22)
C:\Users\40100123\OneDrive - Anheuser-Busch InBev\GAC\PET\Data Model\PET_Data_Model\data\04. Engepack.xlsx,Índices,B23:AT23,X23,23,23,Índices,20,Freight,Engepack,Freight,AVG Q-1,2024-06-01 00:00:00,June 2024,2024,6,280.42962962962963,=AVERAGE(V22:X22)
C:\Users\40100123\OneDrive - Anheuser-Busch InBev\GAC\PET\Data Model\PET_Data_Model\data\04. Engepack.xlsx,Índices,B23:AT23,Y23,23,23,Índices,20,Freight,Engepack,Freight,AVG Q-1,2024-07-01 00:00:00,July 2024,2024,7,348.77037037037036,=AVERAGE(W22:Y22)
C:\Users\40100123\OneDrive - Anheuser-Busch InBev\GAC\PET\Data Model\PET_Data_Model\data\04. Engepack.xlsx,Índices,B23:AT23,Z23,23,23,Índices,20,Freight,Engepack,Freight,AVG Q-1,2024-08-01 00:00:00,August 2024,2024,8,365.2711111111111,=AVERAGE(X22:Z22)
C:\Users\40100123\OneDrive - Anheuser-Busch InBev\GAC\PET\Data Model\PET_Data_Model\data\04. Engepack.xlsx,Índices,B23:AT23,AA23,23,23,Índices,20,Freight,Engepack,Freight,AVG Q-1,2024-09-01 00:00:00,September 2024,2024,9,345.4266666666667,=AVERAGE(Y22:AA22)
C:\Users\40100123\OneDrive - Anheuser-Busch InBev\GAC\PET\Data Model\PET_Data_Model\data\04. Engepack.xlsx,Índices,B23:AT23,AB23,23,23,Índices,20,Freight,Engepack,Freight,AVG Q-1,2024-10-01 00:00:00,October 2024,2024,10,312.8748148148148,=AVERAGE(Z22:AB22)
C:\Users\40100123\OneDrive - Anheuser-Busch InBev\GAC\PET\Data Model\PET_Data_Model\data\04. Engepack.xlsx,Índices,B23:AT23,AC23,23,23,Índices,20,Freight,Engepack,Freight,AVG Q-1,2024-11-01 00:00:00,November 2024,2024,11,281.9592592592592,=AVERAGE(AA22:AC22)
C:\Users\40100123\OneDrive - Anheuser-Busch InBev\GAC\PET\Data Model\PET_Data_Model\data\04. Engepack.xlsx,Índices,B23:AT23,AD23,23,23,Índices,20,Freight,Engepack,Freight,AVG Q-1,2024-12-01 00:00:00,December 2024,2024,12,259.3111111111111,=AVERAGE(AB22:AD22)
C:\Users\40100123\OneDrive - Anheuser-Busch InBev\GAC\PET\Data Model\PET_Data_Model\data\04. Engepack.xlsx,Índices,B23:AT23,AE23,23,23,Índices,20,Freight,Engepack,Freight,AVG Q-1,2025-01-01 00:00:00,January 2025,2025,1,233.38518518518518,=AVERAGE(AC22:AE22)
C:\Users\40100123\OneDrive - Anheuser-Busch InBev\GAC\PET\Data Model\PET_Data_Model\data\04. Engepack.xlsx,Índices,B23:AT23,AF23,23,23,Índices,20,Freight,Engepack,Freight,AVG Q-1,2025-02-01 00:00:00,February 2025,2025,2,195.54444444444448,=AVERAGE(AD22:AF22)
C:\Users\40100123\OneDrive - Anheuser-Busch InBev\GAC\PET\Data Model\PET_Data_Model\data\04. Engepack.xlsx,Índices,B23:AT23,AG23,23,23,Índices,20,Freight,Engepack,Freight,AVG Q-1,2025-03-01 00:00:00,March 2025,2025,3,142.12962962962965,=AVERAGE(AE22:AG22)
C:\Users\40100123\OneDrive - Anheuser-Busch InBev\GAC\PET\Data Model\PET_Data_Model\data\04. Engepack.xlsx,Índices,B23:AT23,AH23,23,23,Índices,20,Freight,Engepack,Freight,AVG Q-1,2025-04-01 00:00:00,April 2025,2025,4,97.0962962962963,=AVERAGE(AF22:AH22)
C:\Users\40100123\OneDrive - Anheuser-Busch InBev\GAC\PET\Data Model\PET_Data_Model\data\04. Engepack.xlsx,Índices,B23:AT23,AI23,23,23,Índices,20,Freight,Engepack,Freight,AVG Q-1,2025-05-01 00:00:00,May 2025,2025,5,78.37703703703704,=AVERAGE(AG22:AI22)
C:\Users\40100123\OneDrive - Anheuser-Busch InBev\GAC\PET\Data Model\PET_Data_Model\data\04. Engepack.xlsx,Índices,B23:AT23,AJ23,23,23,Índices,20,Freight,Engepack,Freight,AVG Q-1,2025-06-01 00:00:00,June 2025,2025,6,125.21407407407408,=AVERAGE(AH22:AJ22)
C:\Users\40100123\OneDrive - Anheuser-Busch InBev\GAC\PET\Data Model\PET_Data_Model\data\04. Engepack.xlsx,Índices,B23:AT23,AK23,23,23,Índices,20,Freight,Engepack,Freight,AVG Q-1,2025-07-01 00:00:00,July 2025,2025,7,189.74,=AVERAGE(AI22:AK22)
C:\Users\40100123\OneDrive - Anheuser-Busch InBev\GAC\PET\Data Model\PET_Data_Model\data\04. Engepack.xlsx,Índices,B23:AT23,AL23,23,23,Índices,20,Freight,Engepack,Freight,AVG Q-1,2025-08-01 00:00:00,August 2025,2025,8,215.29851851851853,=AVERAGE(AJ22:AL22)
C:\Users\40100123\OneDrive - Anheuser-Busch InBev\GAC\PET\Data Model\PET_Data_Model\data\04. Engepack.xlsx,Índices,B23:AT23,AM23,23,23,Índices,20,Freight,Engepack,Freight,AVG Q-1,2025-09-01 00:00:00,September 2025,2025,9,180.05777777777777,=AVERAGE(AK22:AM22)
C:\Users\40100123\OneDrive - Anheuser-Busch InBev\GAC\PET\Data Model\PET_Data_Model\data\04. Engepack.xlsx,Índices,B23:AT23,AN23,23,23,Índices,20,Freight,Engepack,Freight,AVG Q-1,2025-10-01 00:00:00,October 2025,2025,10,131.4540740740741,=AVERAGE(AL22:AN22)
C:\Users\40100123\OneDrive - Anheuser-Busch InBev\GAC\PET\Data Model\PET_Data_Model\data\04. Engepack.xlsx,Índices,B23:AT23,AO23,23,23,Índices,20,Freight,Engepack,Freight,AVG Q-1,2025-11-01 00:00:00,November 2025,2025,11,104.5,=AVERAGE(AM22:AO22)
C:\Users\40100123\OneDrive - Anheuser-Busch InBev\GAC\PET\Data Model\PET_Data_Model\data\04. Engepack.xlsx,Índices,B23:AT23,AP23,23,23,Índices,20,Freight,Engepack,Freight,AVG Q-1,2025-12-01 00:00:00,December 2025,2025,12,85.65185185185186,=AVERAGE(AN22:AP22)
C:\Users\40100123\OneDrive - Anheuser-Busch InBev\GAC\PET\Data Model\PET_Data_Model\data\04. Engepack.xlsx,Índices,B23:AT23,AQ23,23,23,Índices,20,Freight,Engepack,Freight,AVG Q-1,2026-01-01 00:00:00,January 2026,2026,1,64.9074074074074,=AVERAGE(AO22:AQ22)
C:\Users\40100123\OneDrive - Anheuser-Busch InBev\GAC\PET\Data Model\PET_Data_Model\data\04. Engepack.xlsx,Índices,B23:AT23,AR23,23,23,Índices,20,Freight,Engepack,Freight,AVG Q-1,2026-02-01 00:00:00,February 2026,2026,2,58.1716049382716,=AVERAGE(AP22:AR22)
C:\Users\40100123\OneDrive - Anheuser-Busch InBev\GAC\PET\Data Model\PET_Data_Model\data\04. Engepack.xlsx,Índices,B23:AT23,AS23,23,23,Índices,20,Freight,Engepack,Freight,AVG Q-1,2026-03-01 00:00:00,March 2026,2026,3,74.28641975308642,=AVERAGE(AQ22:AS22)
C:\Users\40100123\OneDrive - Anheuser-Busch InBev\GAC\PET\Data Model\PET_Data_Model\data\04. Engepack.xlsx,Preços Engepack,B8:AP8,C8,8,8,Índices,2,Total Landing Cost,Engepack,Total Landing Cost,VPET,2023-01-01 00:00:00,January 2023,2023,1,7482.128420170271,=((Índices!G$3+C$6)*(1+$H13-C$2)+$I13)*Índices!G$5
C:\Users\40100123\OneDrive - Anheuser-Busch InBev\GAC\PET\Data Model\PET_Data_Model\data\04. Engepack.xlsx,Preços Engepack,B8:AP8,D8,8,8,Índices,2,Total Landing Cost,Engepack,Total Landing Cost,VPET,2023-02-01 00:00:00,February 2023,2023,2,7547.976515766421,=((Índices!H$3+D$6)*(1+$H13-D$2)+$I13)*Índices!H$5
C:\Users\40100123\OneDrive - Anheuser-Busch InBev\GAC\PET\Data Model\PET_Data_Model\data\04. Engepack.xlsx,Preços Engepack,B8:AP8,E8,8,8,Índices,2,Total Landing Cost,Engepack,Total Landing Cost,VPET,2023-03-01 00:00:00,March 2023,2023,3,7520.687723434075,=((Índices!I$3+E$6)*(1+$H13-E$2)+$I13)*Índices!I$5
C:\Users\40100123\OneDrive - Anheuser-Busch InBev\GAC\PET\Data Model\PET_Data_Model\data\04. Engepack.xlsx,Preços Engepack,B8:AP8,F8,8,8,Índices,2,Total Landing Cost,Engepack,Total Landing Cost,VPET,2023-04-01 00:00:00,April 2023,2023,4,7654.271931479011,=((Índices!J$3+F$6)*(1+$H13-F$2)+$I13)*Índices!J$5
C:\Users\40100123\OneDrive - Anheuser-Busch InBev\GAC\PET\Data Model\PET_Data_Model\data\04. Engepack.xlsx,Preços Engepack,B8:AP8,G8,8,8,Índices,2,Total Landing Cost,Engepack,Total Landing Cost,VPET,2023-05-01 00:00:00,May 2023,2023,5,7694.551796449258,=((Índices!K$3+G$6)*(1+$H13-G$2)+$I13)*Índices!K$5
C:\Users\40100123\OneDrive - Anheuser-Busch InBev\GAC\PET\Data Model\PET_Data_Model\data\04. Engepack.xlsx,Preços Engepack,B8:AP8,H8,8,8,Índices,2,Total Landing Cost,Engepack,Total Landing Cost,VPET,2023-06-01 00:00:00,June 2023,2023,6,7174.406903684444,=((Índices!L$3+H$6)*(1+$H13-H$2)+$I13)*Índices!L$5
C:\Users\40100123\OneDrive - Anheuser-Busch InBev\GAC\PET\Data Model\PET_Data_Model\data\04. Engepack.xlsx,Preços Engepack,B8:AP8,I8,8,8,Índices,2,Total Landing Cost,Engepack,Total Landing Cost,VPET,2023-07-01 00:00:00,July 2023,2023,7,6722.866468471111,=((Índices!M$3+I$6)*(1+$H13-I$2)+$I13)*Índices!M$5
C:\Users\40100123\OneDrive - Anheuser-Busch InBev\GAC\PET\Data Model\PET_Data_Model\data\04. Engepack.xlsx,Preços Engepack,B8:AP8,J8,8,8,Índices,2,Total Landing Cost,Engepack,Total Landing Cost,VPET,2023-08-01 00:00:00,August 2023,2023,8,6692.476062361481,=((Índices!N$3+J$6)*(1+$H13-J$2)+$I13)*Índices!N$5
C:\Users\40100123\OneDrive - Anheuser-Busch InBev\GAC\PET\Data Model\PET_Data_Model\data\04. Engepack.xlsx,Preços Engepack,B8:AP8,K8,8,8,Índices,2,Total Landing Cost,Engepack,Total Landing Cost,VPET,2023-09-01 00:00:00,September 2023,2023,9,6929.9429661,=((Índices!O$3+K$6)*(1+$H13-K$2)+$I13)*Índices!O$5
C:\Users\40100123\OneDrive - Anheuser-Busch InBev\GAC\PET\Data Model\PET_Data_Model\data\04. Engepack.xlsx,Preços Engepack,B8:AP8,L8,8,8,Índices,2,Total Landing Cost,Engepack,Total Landing Cost,VPET,2023-10-01 00:00:00,October 2023,2023,10,6991.533912590777,=((Índices!P$3+L$6)*(1+$H13-L$2)+$I13)*Índices!P$5
C:\Users\40100123\OneDrive - Anheuser-Busch InBev\GAC\PET\Data Model\PET_Data_Model\data\04. Engepack.xlsx,Preços Engepack,B8:AP8,M8,8,8,Índices,2,Total Landing Cost,Engepack,Total Landing Cost,VPET,2023-11-01 00:00:00,November 2023,2023,11,6983.492825316543,=((Índices!Q$3+M$6)*(1+$H13-M$2)+$I13)*Índices!Q$5
C:\Users\40100123\OneDrive - Anheuser-Busch InBev\GAC\PET\Data Model\PET_Data_Model\data\04. Engepack.xlsx,Preços Engepack,B8:AP8,N8,8,8,Índices,2,Total Landing Cost,Engepack,Total Landing Cost,VPET,2023-12-01 00:00:00,December 2023,2023,12,6867.710377054321,=((Índices!R$3+N$6)*(1+$H13-N$2)+$I13)*Índices!R$5
C:\Users\40100123\OneDrive - Anheuser-Busch InBev\GAC\PET\Data Model\PET_Data_Model\data\04. Engepack.xlsx,Preços Engepack,B8:AP8,O8,8,8,Índices,2,Total Landing Cost,Engepack,Total Landing Cost,VPET,2024-01-01 00:00:00,January 2024,2024,1,6974.278574339999,=((Índices!S$3+O$6)*(1+$H13-O$2)+$I13)*Índices!S$5
C:\Users\40100123\OneDrive - Anheuser-Busch InBev\GAC\PET\Data Model\PET_Data_Model\data\04. Engepack.xlsx,Preços Engepack,B8:AP8,P8,8,8,Índices,2,Total Landing Cost,Engepack,Total Landing Cost,VPET,2024-02-01 00:00:00,February 2024,2024,2,7168.412657679999,=((Índices!T$3+P$6)*(1+$H13-P$2)+$I13)*Índices!T$5
C:\Users\40100123\OneDrive - Anheuser-Busch InBev\GAC\PET\Data Model\PET_Data_Model\data\04. Engepack.xlsx,Preços Engepack,B8:AP8,Q8,8,8,Índices,2,Total Landing Cost,Engepack,Total Landing Cost,VPET,2024-03-01 00:00:00,March 2024,2024,3,7353.107937,=((Índices!U$3+Q$6)*(1+$H13-Q$2)+$I13)*Índices!U$5
C:\Users\40100123\OneDrive - Anheuser-Busch InBev\GAC\PET\Data Model\PET_Data_Model\data\04. Engepack.xlsx,Preços Engepack,B8:AP8,R8,8,8,Índices,2,Total Landing Cost,Engepack,Total Landing Cost,VPET,2024-04-01 00:00:00,April 2024,2024,4,7280.61835022,=((Índices!V$3+R$6)*(1+$H13-R$2)+$I13)*Índices!V$5
C:\Users\40100123\OneDrive - Anheuser-Busch InBev\GAC\PET\Data Model\PET_Data_Model\data\04. Engepack.xlsx,Preços Engepack,B8:AP8,S8,8,8,Índices,2,Total Landing Cost,Engepack,Total Landing Cost,VPET,2024-05-01 00:00:00,May 2024,2024,5,7570.411981782056,=((Índices!W$3+S$6)*(1+$H13-S$2)+$I13)*Índices!W$5
C:\Users\40100123\OneDrive - Anheuser-Busch InBev\GAC\PET\Data Model\PET_Data_Model\data\04. Engepack.xlsx,Preços Engepack,B8:AP8,T8,8,8,Índices,2,Total Landing Cost,Engepack,Total Landing Cost,VPET,2024-06-01 00:00:00,June 2024,2024,6,7833.798434644999,=((Índices!X$3+T$6)*(1+$H13-T$2)+$I13)*Índices!X$5
C:\Users\40100123\OneDrive - Anheuser-Busch InBev\GAC\PET\Data Model\PET_Data_Model\data\04. Engepack.xlsx,Preços Engepack,B8:AP8,U8,8,8,Índices,2,Total Landing Cost,Engepack,Total Landing Cost,VPET,2024-07-01 00:00:00,July 2024,2024,7,8745.197356646297,=((Índices!Y$3+U$6)*(1+$H13-U$2)+$I13)*Índices!Y$5
C:\Users\40100123\OneDrive - Anheuser-Busch InBev\GAC\PET\Data Model\PET_Data_Model\data\04. Engepack.xlsx,Preços Engepack,B8:AP8,V8,8,8,Índices,2,Total Landing Cost,Engepack,Total Landing Cost,VPET,2024-08-01 00:00:00,August 2024,2024,8,9494.22094607037,=((Índices!Z$3+V$6)*(1+$H13-V$2)+$I13)*Índices!Z$5
C:\Users\40100123\OneDrive - Anheuser-Busch InBev\GAC\PET\Data Model\PET_Data_Model\data\04. Engepack.xlsx,Preços Engepack,B8:AP8,W8,8,8,Índices,2,Total Landing Cost,Engepack,Total Landing Cost,VPET,2024-09-01 00:00:00,September 2024,2024,9,9452.328598106222,=((Índices!AA$3+W$6)*(1+$H13-W$2)+$I13)*Índices!AA$5
C:\Users\40100123\OneDrive - Anheuser-Busch InBev\GAC\PET\Data Model\PET_Data_Model\data\04. Engepack.xlsx,Preços Engepack,B8:AP8,X8,8,8,Índices,2,Total Landing Cost,Engepack,Total Landing Cost,VPET,2024-10-01 00:00:00,October 2024,2024,10,8880.739051784,=((Índices!AB$3+X$6)*(1+$H13-X$2)+$I13)*Índices!AB$5
C:\Users\40100123\OneDrive - Anheuser-Busch InBev\GAC\PET\Data Model\PET_Data_Model\data\04. Engepack.xlsx,Preços Engepack,B8:AP8,Y8,8,8,Índices,2,Total Landing Cost,Engepack,Total Landing Cost,VPET,2024-11-01 00:00:00,November 2024,2024,11,9008.0018755165,=((Índices!AC$3+Y$6)*(1+$H13-Y$2)+$I13)*Índices!AC$5
C:\Users\40100123\OneDrive - Anheuser-Busch InBev\GAC\PET\Data Model\PET_Data_Model\data\04. Engepack.xlsx,Preços Engepack,B8:AP8,Z8,8,8,Índices,2,Total Landing Cost,Engepack,Total Landing Cost,VPET,2024-12-01 00:00:00,December 2024,2024,12,8798.804461095277,=((Índices!AD$3+Z$6)*(1+$H13-Z$2)+$I13)*Índices!AD$5
C:\Users\40100123\OneDrive - Anheuser-Busch InBev\GAC\PET\Data Model\PET_Data_Model\data\04. Engepack.xlsx,Preços Engepack,B8:AP8,AA8,8,8,Índices,2,Total Landing Cost,Engepack,Total Landing Cost,VPET,2025-01-01 00:00:00,January 2025,2025,1,8993.512425877778,=((Índices!AE$3+AA$6)*(1+$H13-AA$2)+$I13)*Índices!AE$5
C:\Users\40100123\OneDrive - Anheuser-Busch InBev\GAC\PET\Data Model\PET_Data_Model\data\04. Engepack.xlsx,Preços Engepack,B8:AP8,AB8,8,8,Índices,2,Total Landing Cost,Engepack,Total Landing Cost,VPET,2025-02-01 00:00:00,February 2025,2025,2,8725.900073482591,=((Índices!AF$3+AB$6)*(1+$H13-AB$2)+$I13)*Índices!AF$5
C:\Users\40100123\OneDrive - Anheuser-Busch InBev\GAC\PET\Data Model\PET_Data_Model\data\04. Engepack.xlsx,Preços Engepack,B8:AP8,AC8,8,8,Índices,2,Total Landing Cost,Engepack,Total Landing Cost,VPET,2025-03-01 00:00:00,March 2025,2025,3,8122.161019695555,=((Índices!AG$3+AC$6)*(1+$H13-AC$2)+$I13)*Índices!AG$5
C:\Users\40100123\OneDrive - Anheuser-Busch InBev\GAC\PET\Data Model\PET_Data_Model\data\04. Engepack.xlsx,Preços Engepack,B8:AP8,AD8,8,8,Índices,2,Total Landing Cost,Engepack,Total Landing Cost,VPET,2025-04-01 00:00:00,April 2025,2025,4,7705.499297244446,=((Índices!AH3+100+Índices!AH26)*(1+20%)+125+8%*Índices!AH26)*Índices!AH5
C:\Users\40100123\OneDrive - Anheuser-Busch InBev\GAC\PET\Data Model\PET_Data_Model\data\04. Engepack.xlsx,Preços Engepack,B8:AP8,AE8,8,8,Índices,2,Total Landing Cost,Engepack,Total Landing Cost,VPET,2025-05-01 00:00:00,May 2025,2025,5,7310.789161577777,=((Índices!AI3+100+Índices!AI26)*(1+20%)+125+8%*Índices!AI26)*Índices!AI5
C:\Users\40100123\OneDrive - Anheuser-Busch InBev\GAC\PET\Data Model\PET_Data_Model\data\04. Engepack.xlsx,Preços Engepack,B8:AP8,AF8,8,8,Índices,2,Total Landing Cost,Engepack,Total Landing Cost,VPET,2025-06-01 00:00:00,June 2025,2025,6,7227.763345220741,=((Índices!AJ3+100+Índices!AJ26)*(1+20%)+125+8%*Índices!AJ26)*Índices!AJ5
C:\Users\40100123\OneDrive - Anheuser-Busch InBev\GAC\PET\Data Model\PET_Data_Model\data\04. Engepack.xlsx,Preços Engepack,B8:AP8,AG8,8,8,Índices,2,Total Landing Cost,Engepack,Total Landing Cost,VPET,2025-07-01 00:00:00,July 2025,2025,7,7405.356311600001,=((Índices!AK3+100+Índices!AK26)*(1+20%)+125+8%*Índices!AK26)*Índices!AK5
C:\Users\40100123\OneDrive - Anheuser-Busch InBev\GAC\PET\Data Model\PET_Data_Model\data\04. Engepack.xlsx,Preços Engepack,B8:AP8,AH8,8,8,Índices,2,Total Landing Cost,Engepack,Total Landing Cost,VPET,2025-08-01 00:00:00,August 2025,2025,8,7670.14757892,=((Índices!AL3+100+Índices!AL26)*(1+20%)+125+8%*Índices!AL26)*Índices!AL5
C:\Users\40100123\OneDrive - Anheuser-Busch InBev\GAC\PET\Data Model\PET_Data_Model\data\04. Engepack.xlsx,Preços Engepack,B8:AP8,AI8,8,8,Índices,2,Total Landing Cost,Engepack,Total Landing Cost,VPET,2025-09-01 00:00:00,September 2025,2025,9,7656.929498964149,=((Índices!AM3+100+Índices!AM26)*(1+20%)+125+8%*Índices!AM26)*Índices!AM5
C:\Users\40100123\OneDrive - Anheuser-Busch InBev\GAC\PET\Data Model\PET_Data_Model\data\04. Engepack.xlsx,Preços Engepack,B8:AP8,AJ8,8,8,Índices,2,Total Landing Cost,Engepack,Total Landing Cost,VPET,2025-10-01 00:00:00,October 2025,2025,10,7281.408733091555,=((Índices!AN3+100+Índices!AN26)*(1+20%)+125+8%*Índices!AN26)*Índices!AN5
C:\Users\40100123\OneDrive - Anheuser-Busch InBev\GAC\PET\Data Model\PET_Data_Model\data\04. Engepack.xlsx,Preços Engepack,B8:AP8,AK8,8,8,Índices,2,Total Landing Cost,Engepack,Total Landing Cost,VPET,2025-11-01 00:00:00,November 2025,2025,11,6937.159664527408,=((Índices!AO3+100+Índices!AO26)*(1+20%)+125+8%*Índices!AO26)*Índices!AO5
C:\Users\40100123\OneDrive - Anheuser-Busch InBev\GAC\PET\Data Model\PET_Data_Model\data\04. Engepack.xlsx,Preços Engepack,B8:AP8,AL8,8,8,Índices,2,Total Landing Cost,Engepack,Total Landing Cost,VPET,2025-12-01 00:00:00,December 2025,2025,12,6821.717933999999,=((Índices!AP3+100+Índices!AP26)*(1+20%)+125+8%*Índices!AP26)*Índices!AP5
C:\Users\40100123\OneDrive - Anheuser-Busch InBev\GAC\PET\Data Model\PET_Data_Model\data\04. Engepack.xlsx,Preços Engepack,B8:AP8,AM8,8,8,Índices,2,Total Landing Cost,Engepack,Total Landing Cost,VPET,2026-01-01 00:00:00,January 2026,2026,1,6882.544935066668,=((Índices!AQ3+100+Índices!AQ26)*(1+20%)+125+8%*Índices!AQ26)*Índices!AQ5
C:\Users\40100123\OneDrive - Anheuser-Busch InBev\GAC\PET\Data Model\PET_Data_Model\data\04. Engepack.xlsx,Preços Engepack,B8:AP8,AN8,8,8,Índices,2,Total Landing Cost,Engepack,Total Landing Cost,VPET,2026-02-01 00:00:00,February 2026,2026,2,6991.880448148148,=((Índices!AR3+100+Índices!AR26)*(1+20%)+125+8%*Índices!AR26)*Índices!AR5
C:\Users\40100123\OneDrive - Anheuser-Busch InBev\GAC\PET\Data Model\PET_Data_Model\data\04. Engepack.xlsx,Preços Engepack,B8:AP8,AO8,8,8,Índices,2,Total Landing Cost,Engepack,Total Landing Cost,VPET,2026-03-01 00:00:00,March 2026,2026,3,6905.3358776,=((Índices!AS3+100+Índices!AS26)*(1+20%)+125+8%*Índices!AS26)*Índices!AS5
C:\Users\40100123\OneDrive - Anheuser-Busch InBev\GAC\PET\Data Model\PET_Data_Model\data\04. Engepack.xlsx,Preços Engepack,B8:AP8,AP8,8,8,Índices,2,Total Landing Cost,Engepack,Total Landing Cost,VPET,2026-04-01 00:00:00,April 2026,2026,4,8755.535746982718,=((Índices!AT3+100+Índices!AT26)*(1+20%)+125+8%*Índices!AT26)*Índices!AT5
C:\Users\40100123\OneDrive - Anheuser-Busch InBev\GAC\PET\Data Model\PET_Data_Model\data\04. Engepack.xlsx,Calculated KPI,,,,,,,Total Landing Cost $,Engepack,Total Landing Cost $,Total Landing Cost / Fx (M-1),2023-01-01 00:00:00,January 2023,2023,1,1427.2334083950616,Total Landing Cost (7482.128420170271) / Fx (M-1) (5.2424)
C:\Users\40100123\OneDrive - Anheuser-Busch InBev\GAC\PET\Data Model\PET_Data_Model\data\04. Engepack.xlsx,Calculated KPI,,,,,,,Total Landing Cost $,Engepack,Total Landing Cost $,Total Landing Cost / Fx (M-1),2023-02-01 00:00:00,February 2023,2023,2,1451.3385728395062,Total Landing Cost (7547.976515766421) / Fx (M-1) (5.2007)
C:\Users\40100123\OneDrive - Anheuser-Busch InBev\GAC\PET\Data Model\PET_Data_Model\data\04. Engepack.xlsx,Calculated KPI,,,,,,,Total Landing Cost $,Engepack,Total Landing Cost $,Total Landing Cost / Fx (M-1),2023-03-01 00:00:00,March 2023,2023,3,1454.2003061728396,Total Landing Cost (7520.687723434075) / Fx (M-1) (5.1717)
C:\Users\40100123\OneDrive - Anheuser-Busch InBev\GAC\PET\Data Model\PET_Data_Model\data\04. Engepack.xlsx,Calculated KPI,,,,,,,Total Landing Cost $,Engepack,Total Landing Cost $,Total Landing Cost / Fx (M-1),2023-04-01 00:00:00,April 2023,2023,4,1468.7272246913578,Total Landing Cost (7654.271931479011) / Fx (M-1) (5.2115)
C:\Users\40100123\OneDrive - Anheuser-Busch InBev\GAC\PET\Data Model\PET_Data_Model\data\04. Engepack.xlsx,Calculated KPI,,,,,,,Total Landing Cost $,Engepack,Total Landing Cost $,Total Landing Cost / Fx (M-1),2023-05-01 00:00:00,May 2023,2023,5,1532.8708481481478,Total Landing Cost (7694.551796449258) / Fx (M-1) (5.0197)
C:\Users\40100123\OneDrive - Anheuser-Busch InBev\GAC\PET\Data Model\PET_Data_Model\data\04. Engepack.xlsx,Calculated KPI,,,,,,,Total Landing Cost $,Engepack,Total Landing Cost $,Total Landing Cost / Fx (M-1),2023-06-01 00:00:00,June 2023,2023,6,1439.834411111111,Total Landing Cost (7174.406903684444) / Fx (M-1) (4.9828)
C:\Users\40100123\OneDrive - Anheuser-Busch InBev\GAC\PET\Data Model\PET_Data_Model\data\04. Engepack.xlsx,Calculated KPI,,,,,,,Total Landing Cost $,Engepack,Total Landing Cost $,Total Landing Cost / Fx (M-1),2023-07-01 00:00:00,July 2023,2023,7,1385.7008962962962,Total Landing Cost (6722.866468471111) / Fx (M-1) (4.8516)
C:\Users\40100123\OneDrive - Anheuser-Busch InBev\GAC\PET\Data Model\PET_Data_Model\data\04. Engepack.xlsx,Calculated KPI,,,,,,,Total Landing Cost $,Engepack,Total Landing Cost $,Total Landing Cost / Fx (M-1),2023-08-01 00:00:00,August 2023,2023,8,1394.0335074074073,Total Landing Cost (6692.476062361481) / Fx (M-1) (4.8008)
C:\Users\40100123\OneDrive - Anheuser-Busch InBev\GAC\PET\Data Model\PET_Data_Model\data\04. Engepack.xlsx,Calculated KPI,,,,,,,Total Landing Cost $,Engepack,Total Landing Cost $,Total Landing Cost / Fx (M-1),2023-09-01 00:00:00,September 2023,2023,9,1413.2646,Total Landing Cost (6929.9429661) / Fx (M-1) (4.9035)
C:\Users\40100123\OneDrive - Anheuser-Busch InBev\GAC\PET\Data Model\PET_Data_Model\data\04. Engepack.xlsx,Calculated KPI,,,,,,,Total Landing Cost $,Engepack,Total Landing Cost $,Total Landing Cost / Fx (M-1),2023-10-01 00:00:00,October 2023,2023,10,1416.1531444444443,Total Landing Cost (6991.533912590777) / Fx (M-1) (4.93699)
C:\Users\40100123\OneDrive - Anheuser-Busch InBev\GAC\PET\Data Model\PET_Data_Model\data\04. Engepack.xlsx,Calculated KPI,,,,,,,Total Landing Cost $,Engepack,Total Landing Cost $,Total Landing Cost / Fx (M-1),2023-11-01 00:00:00,November 2023,2023,11,1378.8289419753085,Total Landing Cost (6983.492825316543) / Fx (M-1) (5.0648)
C:\Users\40100123\OneDrive - Anheuser-Busch InBev\GAC\PET\Data Model\PET_Data_Model\data\04. Engepack.xlsx,Calculated KPI,,,,,,,Total Landing Cost $,Engepack,Total Landing Cost $,Total Landing Cost / Fx (M-1),2023-12-01 00:00:00,December 2023,2023,12,1402.059975308642,Total Landing Cost (6867.710377054321) / Fx (M-1) (4.8983)
C:\Users\40100123\OneDrive - Anheuser-Busch InBev\GAC\PET\Data Model\PET_Data_Model\data\04. Engepack.xlsx,Calculated KPI,,,,,,,Total Landing Cost $,Engepack,Total Landing Cost $,Total Landing Cost / Fx (M-1),2024-01-01 00:00:00,January 2024,2024,1,1424.1359499999999,Total Landing Cost (6974.278574339999) / Fx (M-1) (4.8972)
C:\Users\40100123\OneDrive - Anheuser-Busch InBev\GAC\PET\Data Model\PET_Data_Model\data\04. Engepack.xlsx,Calculated KPI,,,,,,,Total Landing Cost $,Engepack,Total Landing Cost $,Total Landing Cost / Fx (M-1),2024-02-01 00:00:00,February 2024,2024,2,1458.6546999999998,Total Landing Cost (7168.412657679999) / Fx (M-1) (4.9144)
C:\Users\40100123\OneDrive - Anheuser-Busch InBev\GAC\PET\Data Model\PET_Data_Model\data\04. Engepack.xlsx,Calculated KPI,,,,,,,Total Landing Cost $,Engepack,Total Landing Cost $,Total Landing Cost / Fx (M-1),2024-03-01 00:00:00,March 2024,2024,3,1481.1674999999998,Total Landing Cost (7353.107937) / Fx (M-1) (4.9644)
C:\Users\40100123\OneDrive - Anheuser-Busch InBev\GAC\PET\Data Model\PET_Data_Model\data\04. Engepack.xlsx,Calculated KPI,,,,,,,Total Landing Cost $,Engepack,Total Landing Cost $,Total Landing Cost / Fx (M-1),2024-04-01 00:00:00,April 2024,2024,4,1461.9422,Total Landing Cost (7280.61835022) / Fx (M-1) (4.9801)
C:\Users\40100123\OneDrive - Anheuser-Busch InBev\GAC\PET\Data Model\PET_Data_Model\data\04. Engepack.xlsx,Calculated KPI,,,,,,,Total Landing Cost $,Engepack,Total Landing Cost $,Total Landing Cost / Fx (M-1),2024-05-01 00:00:00,May 2024,2024,5,1475.9727791975308,Total Landing Cost (7570.411981782056) / Fx (M-1) (5.1291)
C:\Users\40100123\OneDrive - Anheuser-Busch InBev\GAC\PET\Data Model\PET_Data_Model\data\04. Engepack.xlsx,Calculated KPI,,,,,,,Total Landing Cost $,Engepack,Total Landing Cost $,Total Landing Cost / Fx (M-1),2024-06-01 00:00:00,June 2024,2024,6,1526.1637316666665,Total Landing Cost (7833.798434644999) / Fx (M-1) (5.133)
C:\Users\40100123\OneDrive - Anheuser-Busch InBev\GAC\PET\Data Model\PET_Data_Model\data\04. Engepack.xlsx,Calculated KPI,,,,,,,Total Landing Cost $,Engepack,Total Landing Cost $,Total Landing Cost / Fx (M-1),2024-07-01 00:00:00,July 2024,2024,7,1622.7866685185186,Total Landing Cost (8745.197356646297) / Fx (M-1) (5.389)
C:\Users\40100123\OneDrive - Anheuser-Busch InBev\GAC\PET\Data Model\PET_Data_Model\data\04. Engepack.xlsx,Calculated KPI,,,,,,,Total Landing Cost $,Engepack,Total Landing Cost $,Total Landing Cost / Fx (M-1),2024-08-01 00:00:00,August 2024,2024,8,1713.1398314814817,Total Landing Cost (9494.22094607037) / Fx (M-1) (5.542)
C:\Users\40100123\OneDrive - Anheuser-Busch InBev\GAC\PET\Data Model\PET_Data_Model\data\04. Engepack.xlsx,Calculated KPI,,,,,,,Total Landing Cost $,Engepack,Total Landing Cost $,Total Landing Cost / Fx (M-1),2024-09-01 00:00:00,September 2024,2024,9,1702.3247844444443,Total Landing Cost (9452.328598106222) / Fx (M-1) (5.5526)
C:\Users\40100123\OneDrive - Anheuser-Busch InBev\GAC\PET\Data Model\PET_Data_Model\data\04. Engepack.xlsx,Calculated KPI,,,,,,,Total Landing Cost $,Engepack,Total Landing Cost $,Total Landing Cost / Fx (M-1),2024-10-01 00:00:00,October 2024,2024,10,1602.5586566666666,Total Landing Cost (8880.739051784) / Fx (M-1) (5.5416)
C:\Users\40100123\OneDrive - Anheuser-Busch InBev\GAC\PET\Data Model\PET_Data_Model\data\04. Engepack.xlsx,Calculated KPI,,,,,,,Total Landing Cost $,Engepack,Total Landing Cost $,Total Landing Cost / Fx (M-1),2024-11-01 00:00:00,November 2024,2024,11,1601.6788242592593,Total Landing Cost (9008.0018755165) / Fx (M-1) (5.6241)
C:\Users\40100123\OneDrive - Anheuser-Busch InBev\GAC\PET\Data Model\PET_Data_Model\data\04. Engepack.xlsx,Calculated KPI,,,,,,,Total Landing Cost $,Engepack,Total Landing Cost $,Total Landing Cost / Fx (M-1),2024-12-01 00:00:00,December 2024,2024,12,1515.1804620370367,Total Landing Cost (8798.804461095277) / Fx (M-1) (5.8071)
C:\Users\40100123\OneDrive - Anheuser-Busch InBev\GAC\PET\Data Model\PET_Data_Model\data\04. Engepack.xlsx,Calculated KPI,,,,,,,Total Landing Cost $,Engepack,Total Landing Cost $,Total Landing Cost / Fx (M-1),2025-01-01 00:00:00,January 2025,2025,1,1475.0717444444444,Total Landing Cost (8993.512425877778) / Fx (M-1) (6.097)
C:\Users\40100123\OneDrive - Anheuser-Busch InBev\GAC\PET\Data Model\PET_Data_Model\data\04. Engepack.xlsx,Calculated KPI,,,,,,,Total Landing Cost $,Engepack,Total Landing Cost $,Total Landing Cost / Fx (M-1),2025-02-01 00:00:00,February 2025,2025,2,1449.0517907407407,Total Landing Cost (8725.900073482591) / Fx (M-1) (6.0218)
C:\Users\40100123\OneDrive - Anheuser-Busch InBev\GAC\PET\Data Model\PET_Data_Model\data\04. Engepack.xlsx,Calculated KPI,,,,,,,Total Landing Cost $,Engepack,Total Landing Cost $,Total Landing Cost / Fx (M-1),2025-03-01 00:00:00,March 2025,2025,3,1408.7278027777777,Total Landing Cost (8122.161019695555) / Fx (M-1) (5.7656)
C:\Users\40100123\OneDrive - Anheuser-Busch InBev\GAC\PET\Data Model\PET_Data_Model\data\04. Engepack.xlsx,Calculated KPI,,,,,,,Total Landing Cost $,Engepack,Total Landing Cost $,Total Landing Cost / Fx (M-1),2025-04-01 00:00:00,April 2025,2025,4,1340.8330370370372,Total Landing Cost (7705.499297244446) / Fx (M-1) (5.7468)
C:\Users\40100123\OneDrive - Anheuser-Busch InBev\GAC\PET\Data Model\PET_Data_Model\data\04. Engepack.xlsx,Calculated KPI,,,,,,,Total Landing Cost $,Engepack,Total Landing Cost $,Total Landing Cost / Fx (M-1),2025-05-01 00:00:00,May 2025,2025,5,1264.0332592592592,Total Landing Cost (7310.789161577777) / Fx (M-1) (5.7837)
C:\Users\40100123\OneDrive - Anheuser-Busch InBev\GAC\PET\Data Model\PET_Data_Model\data\04. Engepack.xlsx,Calculated KPI,,,,,,,Total Landing Cost $,Engepack,Total Landing Cost $,Total Landing Cost / Fx (M-1),2025-06-01 00:00:00,June 2025,2025,6,1275.3226074074075,Total Landing Cost (7227.763345220741) / Fx (M-1) (5.6674)
C:\Users\40100123\OneDrive - Anheuser-Busch InBev\GAC\PET\Data Model\PET_Data_Model\data\04. Engepack.xlsx,Calculated KPI,,,,,,,Total Landing Cost $,Engepack,Total Landing Cost $,Total Landing Cost / Fx (M-1),2025-07-01 00:00:00,July 2025,2025,7,1334.996,Total Landing Cost (7405.356311600001) / Fx (M-1) (5.5471)
C:\Users\40100123\OneDrive - Anheuser-Busch InBev\GAC\PET\Data Model\PET_Data_Model\data\04. Engepack.xlsx,Calculated KPI,,,,,,,Total Landing Cost $,Engepack,Total Landing Cost $,Total Landing Cost / Fx (M-1),2025-08-01 00:00:00,August 2025,2025,8,1387.38312,Total Landing Cost (7670.14757892) / Fx (M-1) (5.5285)
C:\Users\40100123\OneDrive - Anheuser-Busch InBev\GAC\PET\Data Model\PET_Data_Model\data\04. Engepack.xlsx,Calculated KPI,,,,,,,Total Landing Cost $,Engepack,Total Landing Cost $,Total Landing Cost / Fx (M-1),2025-09-01 00:00:00,September 2025,2025,9,1405.7407881481483,Total Landing Cost (7656.929498964149) / Fx (M-1) (5.4469)
C:\Users\40100123\OneDrive - Anheuser-Busch InBev\GAC\PET\Data Model\PET_Data_Model\data\04. Engepack.xlsx,Calculated KPI,,,,,,,Total Landing Cost $,Engepack,Total Landing Cost $,Total Landing Cost / Fx (M-1),2025-10-01 00:00:00,October 2025,2025,10,1356.5988622222221,Total Landing Cost (7281.408733091555) / Fx (M-1) (5.3674)
C:\Users\40100123\OneDrive - Anheuser-Busch InBev\GAC\PET\Data Model\PET_Data_Model\data\04. Engepack.xlsx,Calculated KPI,,,,,,,Total Landing Cost $,Engepack,Total Landing Cost $,Total Landing Cost / Fx (M-1),2025-11-01 00:00:00,November 2025,2025,11,1288.1180325925925,Total Landing Cost (6937.159664527408) / Fx (M-1) (5.3855)
C:\Users\40100123\OneDrive - Anheuser-Busch InBev\GAC\PET\Data Model\PET_Data_Model\data\04. Engepack.xlsx,Calculated KPI,,,,,,,Total Landing Cost $,Engepack,Total Landing Cost $,Total Landing Cost / Fx (M-1),2025-12-01 00:00:00,December 2025,2025,12,1277.2599999999998,Total Landing Cost (6821.717933999999) / Fx (M-1) (5.3409)
C:\Users\40100123\OneDrive - Anheuser-Busch InBev\GAC\PET\Data Model\PET_Data_Model\data\04. Engepack.xlsx,Calculated KPI,,,,,,,Total Landing Cost $,Engepack,Total Landing Cost $,Total Landing Cost / Fx (M-1),2026-01-01 00:00:00,January 2026,2026,1,1262.1343703703706,Total Landing Cost (6882.544935066668) / Fx (M-1) (5.4531)
C:\Users\40100123\OneDrive - Anheuser-Busch InBev\GAC\PET\Data Model\PET_Data_Model\data\04. Engepack.xlsx,Calculated KPI,,,,,,,Total Landing Cost $,Engepack,Total Landing Cost $,Total Landing Cost / Fx (M-1),2026-02-01 00:00:00,February 2026,2026,2,1309.8314814814814,Total Landing Cost (6991.880448148148) / Fx (M-1) (5.338)
C:\Users\40100123\OneDrive - Anheuser-Busch InBev\GAC\PET\Data Model\PET_Data_Model\data\04. Engepack.xlsx,Calculated KPI,,,,,,,Total Landing Cost $,Engepack,Total Landing Cost $,Total Landing Cost / Fx (M-1),2026-03-01 00:00:00,March 2026,2026,3,1327.796,Total Landing Cost (6905.3358776) / Fx (M-1) (5.2006)
C:\Users\40100123\OneDrive - Anheuser-Busch InBev\GAC\PET\Data Model\PET_Data_Model\data\04. Engepack.xlsx,Calculated KPI,,,,,,,Total Landing Cost $,Engepack,Total Landing Cost $,Total Landing Cost / Fx (M-1),2026-04-01 00:00:00,April 2026,2026,4,1673.5866172839508,Total Landing Cost (8755.535746982718) / Fx (M-1) (5.2316)
